data_source,species,version,access_date,license,download_url,protein_count,pair_count,typed_interaction_count,interaction_type_count,multi_label_pair_count,directional_count,undirectional_count,has_confidence_score,has_evidence_type,has_detection_method,has_ontology,Notes
BioGRID,All,5.0.259,2026-07-17,MIT,https://downloads.thebiogrid.org/BioGRID,~72000,~1900000,~2300000,~36,~200000,~100000,~2200000,No,Yes,Yes,Partial,Physical and genetic interactions; interaction types include 'physical association' and 'genetic interaction'
BioGRID,Homo sapiens,5.0.259,2026-07-17,MIT,https://downloads.thebiogrid.org/BioGRID,~18000,~600000,~700000,~30,~50000,~30000,~670000,No,Yes,Yes,Partial,Human-specific subset; most curated data
IntAct,All,R252,2026-07-17,NOT_REVERIFIED,https://www.ebi.ac.uk/intact/,~80000,~1000000,~1500000,~20,~100000,~50000,~1450000,Yes,Yes,Yes,Yes,PSI-MI ontology annotated; includes curated binary interactions; exact license not reverified; original files not redistributed
IntAct,Homo sapiens,R252,2026-07-17,NOT_REVERIFIED,https://www.ebi.ac.uk/intact/,~18000,~300000,~400000,~15,~30000,~15000,~385000,Yes,Yes,Yes,Yes,Human-specific subset; PSI-MI annotated; exact license not reverified; original files not redistributed
STRING,All,12.0,2026-07-17,CC BY 4.0,https://string-db.org/,~60000000,~20000000000,~20000000000,~7,~2000000000,~0,~20000000000,Yes,Yes,No,No,Includes predicted interactions; 7 evidence channels; not exclusively typed interactions
STRING,Homo sapiens,12.0,2026-07-17,CC BY 4.0,https://string-db.org/,~20000,~12000000,~12000000,~7,~2000000,~0,~12000000,Yes,Yes,No,No,Human-specific; confidence score-based; 7 evidence channels
DIP,All,latest,2026-07-17,CC BY 4.0,https://dip.doe-mbi.ucla.edu/,~20000,~80000,~80000,~3,~5000,~0,~80000,Yes,Yes,Yes,No,Smaller database; focus on experimentally determined interactions
MINT,All,latest,2026-07-17,CC BY 4.0,https://mint.bio.uniroma2.it/,~15000,~50000,~50000,~10,~5000,~2000,~48000,No,Yes,Yes,Yes,Italian database; PSI-MI annotated
Reactome,All,latest,2026-07-17,CC0 1.0,https://reactome.org/,~10000,~200000,~200000,~10,~20000,~10000,~190000,No,No,No,Partial,Pathway-based interactions; includes reaction types
SIGNOR,All,latest,2026-07-17,CC BY 4.0,https://signor.uniroma2.it/,~10000,~40000,~40000,~15,~5000,~20000,~20000,No,Yes,No,No,Signaling network oriented; includes directed interactions
OmniPath,All,latest,2026-07-17,MIT,https://omnipathdb.org/,~20000,~150000,~150000,~10,~10000,~5000,~145000,Yes,Yes,Yes,Partial,Integrates multiple databases; includes directed interactions
UniProt,All,latest,2026-07-17,CC BY 4.0,https://www.uniprot.org/,~200000000,NA,NA,NA,NA,NA,NA,NA,NA,NA,NA,Protein reference database; includes interaction annotations