method	file
SITNE-Walk	rerun_submission_audit/02_formal_sitne/runs/fold_0/seed_123/sitne_walk_20260905T124627Z_seed123_b216dd7d/per_query_scores.tsv
SITNE-Walk	rerun_submission_audit/02_formal_sitne/runs/fold_0/seed_42/sitne_walk_20260905T122457Z_seed42_fbaa810a/per_query_scores.tsv
SITNE-Walk	rerun_submission_audit/02_formal_sitne/runs/fold_0/seed_456/sitne_walk_20260905T130424Z_seed456_58632660/per_query_scores.tsv
SITNE-Walk	rerun_submission_audit/02_formal_sitne/runs/fold_1/seed_123/sitne_walk_20260905T133623Z_seed123_c779a3a7/per_query_scores.tsv
SITNE-Walk	rerun_submission_audit/02_formal_sitne/runs/fold_1/seed_42/sitne_walk_20260905T131804Z_seed42_1bb6efeb/per_query_scores.tsv
SITNE-Walk	rerun_submission_audit/02_formal_sitne/runs/fold_1/seed_456/sitne_walk_20260905T135023Z_seed456_295e402e/per_query_scores.tsv
SITNE-Walk	rerun_submission_audit/02_formal_sitne/runs/fold_2/seed_123/sitne_walk_20260905T141954Z_seed123_1937abd5/per_query_scores.tsv
SITNE-Walk	rerun_submission_audit/02_formal_sitne/runs/fold_2/seed_42/sitne_walk_20260905T140507Z_seed42_823bf6e0/per_query_scores.tsv
SITNE-Walk	rerun_submission_audit/02_formal_sitne/runs/fold_2/seed_456/sitne_walk_20260905T143819Z_seed456_f4ba2689/per_query_scores.tsv
SITNE-Walk	rerun_submission_audit/02_formal_sitne/runs/fold_3/seed_123/sitne_walk_20260905T151118Z_seed123_ea7e5ee8/per_query_scores.tsv
SITNE-Walk	rerun_submission_audit/02_formal_sitne/runs/fold_3/seed_42/sitne_walk_20260905T145304Z_seed42_ba2e01e4/per_query_scores.tsv
SITNE-Walk	rerun_submission_audit/02_formal_sitne/runs/fold_3/seed_456/sitne_walk_20260905T152541Z_seed456_91486636/per_query_scores.tsv
SITNE-Walk	rerun_submission_audit/02_formal_sitne/runs/fold_4/seed_123/sitne_walk_20260905T155522Z_seed123_349756cd/per_query_scores.tsv
SITNE-Walk	rerun_submission_audit/02_formal_sitne/runs/fold_4/seed_42/sitne_walk_20260905T153818Z_seed42_192b9d97/per_query_scores.tsv
SITNE-Walk	rerun_submission_audit/02_formal_sitne/runs/fold_4/seed_456/sitne_walk_20260905T161343Z_seed456_b924836c/per_query_scores.tsv
ablation_alpha0	rerun_submission_audit/03_controls/ablation/alpha0/fold_0/seed_42/sitne_walk_20260905T163731Z_seed42_285726a9/per_query_scores.tsv
ablation_alpha0	rerun_submission_audit/03_controls/ablation/alpha0/fold_1/seed_42/sitne_walk_20260905T165346Z_seed42_37cc1d79/per_query_scores.tsv
ablation_alpha0	rerun_submission_audit/03_controls/ablation/alpha0/fold_2/seed_42/sitne_walk_20260905T170755Z_seed42_ae16f89a/per_query_scores.tsv
ablation_alpha0	rerun_submission_audit/03_controls/ablation/alpha0/fold_3/seed_42/sitne_walk_20260905T172247Z_seed42_d8b43431/per_query_scores.tsv
ablation_alpha0	rerun_submission_audit/03_controls/ablation/alpha0/fold_4/seed_42/sitne_walk_20260905T173921Z_seed42_24ceaf9f/per_query_scores.tsv
ablation_no_semantic	rerun_submission_audit/03_controls/ablation/no_semantic/fold_0/seed_42/sitne_walk_20260905T175539Z_seed42_b76f9af3/per_query_scores.tsv
ablation_no_semantic	rerun_submission_audit/03_controls/ablation/no_semantic/fold_1/seed_42/sitne_walk_20260905T181415Z_seed42_9bfe6b6d/per_query_scores.tsv
ablation_no_semantic	rerun_submission_audit/03_controls/ablation/no_semantic/fold_2/seed_42/sitne_walk_20260905T182846Z_seed42_87e9f583/per_query_scores.tsv
ablation_no_semantic	rerun_submission_audit/03_controls/ablation/no_semantic/fold_3/seed_42/sitne_walk_20260905T184718Z_seed42_bc183479/per_query_scores.tsv
ablation_no_semantic	rerun_submission_audit/03_controls/ablation/no_semantic/fold_4/seed_42/sitne_walk_20260905T190529Z_seed42_7b89cfec/per_query_scores.tsv
ablation_no_decorr	rerun_submission_audit/03_controls/ablation/no_decorr/fold_0/seed_42/sitne_walk_20260905T191948Z_seed42_289fd069/per_query_scores.tsv
ablation_no_decorr	rerun_submission_audit/03_controls/ablation/no_decorr/fold_1/seed_42/sitne_walk_20260905T194414Z_seed42_16cec8b0/per_query_scores.tsv
ablation_no_decorr	rerun_submission_audit/03_controls/ablation/no_decorr/fold_2/seed_42/sitne_walk_20260905T200151Z_seed42_06801fe6/per_query_scores.tsv
ablation_no_decorr	rerun_submission_audit/03_controls/ablation/no_decorr/fold_3/seed_42/sitne_walk_20260905T201947Z_seed42_5ee38417/per_query_scores.tsv
ablation_no_decorr	rerun_submission_audit/03_controls/ablation/no_decorr/fold_4/seed_42/sitne_walk_20260905T203649Z_seed42_fe522e5c/per_query_scores.tsv
ablation_no_adversary	rerun_submission_audit/03_controls/ablation/no_adversary/fold_0/seed_42/sitne_walk_20260905T205315Z_seed42_0373456f/per_query_scores.tsv
ablation_no_adversary	rerun_submission_audit/03_controls/ablation/no_adversary/fold_1/seed_42/sitne_walk_20260905T211213Z_seed42_85be4c8b/per_query_scores.tsv
ablation_no_adversary	rerun_submission_audit/03_controls/ablation/no_adversary/fold_2/seed_42/sitne_walk_20260905T212837Z_seed42_cc322637/per_query_scores.tsv
ablation_no_adversary	rerun_submission_audit/03_controls/ablation/no_adversary/fold_3/seed_42/sitne_walk_20260905T214324Z_seed42_6f2be593/per_query_scores.tsv
ablation_no_adversary	rerun_submission_audit/03_controls/ablation/no_adversary/fold_4/seed_42/sitne_walk_20260905T220159Z_seed42_a4eab72a/per_query_scores.tsv
ablation_no_rank	rerun_submission_audit/03_controls/ablation/no_rank/fold_0/seed_42/sitne_walk_20260905T221529Z_seed42_49dfb682/per_query_scores.tsv
ablation_no_rank	rerun_submission_audit/03_controls/ablation/no_rank/fold_1/seed_42/sitne_walk_20260905T222741Z_seed42_e2a0efaa/per_query_scores.tsv
ablation_no_rank	rerun_submission_audit/03_controls/ablation/no_rank/fold_2/seed_42/sitne_walk_20260905T224152Z_seed42_644de197/per_query_scores.tsv
ablation_no_rank	rerun_submission_audit/03_controls/ablation/no_rank/fold_3/seed_42/sitne_walk_20260906T001804Z_seed42_ea9daf22/per_query_scores.tsv
ablation_no_rank	rerun_submission_audit/03_controls/ablation/no_rank/fold_4/seed_42/sitne_walk_20260906T003722Z_seed42_607b3e68/per_query_scores.tsv
frequency_prior	rerun_submission_audit/03_controls/frequency_prior/fold_0/per_query_scores.tsv
frequency_prior	rerun_submission_audit/03_controls/frequency_prior/fold_1/per_query_scores.tsv
frequency_prior	rerun_submission_audit/03_controls/frequency_prior/fold_2/per_query_scores.tsv
frequency_prior	rerun_submission_audit/03_controls/frequency_prior/fold_3/per_query_scores.tsv
frequency_prior	rerun_submission_audit/03_controls/frequency_prior/fold_4/per_query_scores.tsv
degree_classifier	rerun_submission_audit/03_controls/degree_classifier/fold_0/per_query_scores.tsv
degree_classifier	rerun_submission_audit/03_controls/degree_classifier/fold_1/per_query_scores.tsv
degree_classifier	rerun_submission_audit/03_controls/degree_classifier/fold_2/per_query_scores.tsv
degree_classifier	rerun_submission_audit/03_controls/degree_classifier/fold_3/per_query_scores.tsv
degree_classifier	rerun_submission_audit/03_controls/degree_classifier/fold_4/per_query_scores.tsv
random	rerun_submission_audit/03_controls/random_baseline/per_query_scores.tsv
