method	fold	mrr	n_seeds
SITNE-Walk	0	0.9808636666666667	3
SITNE-Walk	1	0.9801169999999999	3
SITNE-Walk	2	0.9812746666666667	3
SITNE-Walk	3	0.9797263333333334	3
SITNE-Walk	4	0.9817766666666667	3
frequency_prior	0	0.9737335003859928	1
frequency_prior	1	0.973404255319149	1
frequency_prior	2	0.9735211641214142	1
frequency_prior	3	0.972659062488158	1
frequency_prior	4	0.9735287800687284	1
degree	0	0.4081779870154524	1
degree	1	0.408518223536997	1
degree	2	0.4083671226647467	1
degree	3	0.4087688051839782	1
degree	4	0.4086264402668284	1
binary	0	0.4081779870154524	1
binary	1	0.408518223536997	1
binary	2	0.4083671226647467	1
binary	3	0.4087688051839782	1
binary	4	0.4086264402668284	1
typed_skipgram	0	0.9738695470594936	3
typed_skipgram	1	0.9735401575201326	3
typed_skipgram	2	0.9736853739563204	3
typed_skipgram	3	0.9727190622355276	3
typed_skipgram	4	0.9736645947038608	3
complex	mean	0.53857092809281	15
distmult	mean	0.5427908543893198	15
metapath2vec	mean	0.971737547951372	15
