filtered_mrr	filtered_mrr_std	unfiltered_mrr	macro_mrr	n_folds	method	source
0.9807517710428406	0.0008352437699764289	0.962572307297002	0.8061127340866097	5	SITNE-Walk	per_query_scores.tsv
0.9807414123046525	0.0009552150553932824	0.9625876338930641	0.8083702631416876	5	ablation_alpha0	per_query_scores.tsv
0.9806062571636887	0.0005669990604461884	0.9624923580528076	0.7889468786724982	5	ablation_no_semantic	per_query_scores.tsv
0.9806239317833534	0.0007294407990643219	0.9624967767079614	0.8144488218180952	5	ablation_no_decorr	per_query_scores.tsv
0.980916652828385	0.0006710921318666001	0.9627496139612537	0.8084239283103101	5	ablation_no_adversary	per_query_scores.tsv
0.532048088349167	0.17375134691277375	0.5221650762872289	0.5688507769964741	5	ablation_no_rank	per_query_scores.tsv
0.9733693524766884	0.00041436629588063786	0.9554436830829456	0.6724848214739835	5	frequency_prior	per_query_scores.tsv
0.9733693524766884	0.00041436629588063786	0.9554436830829456	0.6724848214739835	5	degree_classifier	per_query_scores.tsv
0.5301056582115841	0.0016265216141675958	0.5225394702216185	0.5922295377551774	5	random	per_query_scores.tsv
