artifact	generation_script	input_source_data	output_sha256	evidence_decision
figure_1_transition_calibration.png	scripts/generate_figures_tables.py	r1_walk_correction/parameter_grid_results.tsv	cb624d4774c6f1cd	SCIENTIFIC_ANALYSIS_READY
figure_2_main_performance.png	scripts/generate_figures_tables.py	r2_main_performance/optimal/training_summary.tsv + baselines/*	e19a3573d14562c4	SCIENTIFIC_ANALYSIS_READY
figure_3_ablation.png	scripts/generate_table3_figure3.py	r3_ablation/ablation_summary.tsv	8ea1cc3da692a9e5	SCIENTIFIC_ANALYSIS_READY
figure_4_parameter_sensitivity.png	scripts/generate_figures_456.py	r1_walk_correction/parameter_grid_results.tsv	8f81dd82d894c1f4	SCIENTIFIC_ANALYSIS_READY
figure_5_representation_probes.png	scripts/generate_figures_456.py	r4_robustness/probe_comparison.tsv	55b12fbb5630b843	SCIENTIFIC_ANALYSIS_READY
figure_6_shortcut_robustness.png	scripts/generate_figures_456.py	r4_robustness/strata_analysis.tsv + coverage_boundary.tsv	598f86e24d23d46d	SCIENTIFIC_ANALYSIS_READY
figure_7_biological_interpretation.png	scripts/generate_figure7.py	biology/enrichment/{go,reactome}_enrichment.tsv + relation_similarity.tsv + go-basic.obo	02baecb670dd96694421983637d6fa3467fb7ae21d4d6de7617b1462fa9b5392	SCIENTIFIC_ANALYSIS_READY
figure_8_case_studies.png	scripts/generate_figure8.py	case_studies/case_candidates.tsv (frozen, 1080 pairs)	9641c6f0c8e4254f008aa80222836e401d382db1b1afd05a16fb80512244f208	PENDING_EXPERT_REVIEW
table_1_dataset_stats.tsv	scripts/generate_figures_tables.py	05_splits/typed_ranking_v2/split_manifest.json	c3f74c46315f2b72	SCIENTIFIC_ANALYSIS_READY
table_2_main_benchmark.tsv	scripts/generate_figures_tables.py	r2_main_performance/optimal + baselines	0d56a502dc7cb3c0	SCIENTIFIC_ANALYSIS_READY
table_3_ablation.tsv	scripts/generate_table3_figure3.py	r3_ablation/ablation_summary.tsv	f983ad86c305f1ea	SCIENTIFIC_ANALYSIS_READY
table_4_parameter_sensitivity.tsv	scripts/generate_figures_456.py	r1_walk_correction/parameter_grid_results.tsv	958bcf06f538cc76	SCIENTIFIC_ANALYSIS_READY
table_5_biological_enrichment.tsv	scripts/generate_figure7.py	biology/enrichment/{go,reactome}_enrichment.tsv	6dd0a558ae211895a0f8db232e37733bdaaa2f1143453554ca84f24fee12d215	SCIENTIFIC_ANALYSIS_READY
table_6_case_studies.tsv	scripts/generate_figure8.py	case_studies/case_candidates.tsv (frozen, 1080 pairs)	28c912e223fe37700fd47b951aacb3def1aa9741a2f5dcdb7b9338dd2adf337b	PENDING_EXPERT_REVIEW
