alpha	beta	MAE	R2	TV	Spearman_degree	Spearman_frequency
0.0	0.0	0.004382183100151	0.986243921004834	0.0021910915500755	-0.1483291571333378	0.1810416737390484
0.25	0.0	0.0043523014964009	0.9862962097872384	0.0021761507482004	-0.3390767472031158	0.170341651499433
0.5	0.0	0.0041801924834205	0.9872567453702636	0.0020900962417102	-0.4947681642357529	0.1634290655350954
0.75	0.0	0.0038972555042329	0.9887321250989456	0.0019486277521164	-0.6058282056026626	0.1590749134043727
1.0	0.0	0.003584708882745	0.9903480523000407	0.0017923544413725	-0.6743734071772152	0.1556681379468425
0.0	0.25	0.0052004367419171	0.9799121025215304	0.0026002183709585	-0.1557690271179491	0.0958612198502597
0.0	0.5	0.0059849150881394	0.9694346776015612	0.0029924575440697	-0.1655563813871372	0.0286288689192818
0.25	0.25	0.0050849600432109	0.9813214374841815	0.0025424800216054	-0.3444883891447647	0.0865336137230894
0.5	0.5	0.0055791638016173	0.9753600955439494	0.0027895819008086	-0.4936733286710956	0.0279413015105583
1.0	1.0	0.0058285772666302	0.9595437256717076	0.0029142886333151	-0.6103255984491605	-0.0059927447456442
