relative_path	formal_sha256	public_v1.0.0_sha256	byte_match	provenance_category	note
06_code/run_sitne_walk.py	b54cb9385a1420c8f6648f376e2eeceb6921c751f1214b93def7a1365e9d4942	b54cb9385a1420c8f6648f376e2eeceb6921c751f1214b93def7a1365e9d4942	TRUE	FORMAL_HASH_MATCH	public v1.0.0 bytes are byte-identical to the formal-run identity; formal identity preserved
06_code/sitne_walk/__init__.py	af289617bcdd467693c3e7e92a869545dc34747f99e31733bce9c7c7d869f027	af289617bcdd467693c3e7e92a869545dc34747f99e31733bce9c7c7d869f027	TRUE	FORMAL_HASH_MATCH	public v1.0.0 bytes are byte-identical to the formal-run identity; formal identity preserved
06_code/sitne_walk/__main__.py	7d4048839515e247c3ba566a699d900f154a320f30dcfb32d8fb76ddf4d3baff	7d4048839515e247c3ba566a699d900f154a320f30dcfb32d8fb76ddf4d3baff	TRUE	FORMAL_HASH_MATCH	public v1.0.0 bytes are byte-identical to the formal-run identity; formal identity preserved
06_code/sitne_walk/cli.py	8e862137a04947585fff4cc0e956fb4a54c16e0967f1f8693e121f3a0e204a0e	388eca6bf753335e15251f2b93dfca1f51af921cc1a38748387760ac1f2e90d3	FALSE	HISTORICAL_FORMAL_BYTES_UNAVAILABLE_POST_FORMAL_MODIFIED	exact formal source bytes unavailable; the published copy is a post-formal modification (rerun-repair change of non-finite / fail_fast / bfloat16 handling, 2026-09-05/06, after the 2026-08-11 formal runs)
06_code/sitne_walk/config.py	b0f9088c61ca0a674688a217abf007dcc5f70e149dc95b9e0d165f7c1b92aeea	cb11a012191fad9e01c7942d8a453d2a5548808e0cec58e7abce0213b4444237	FALSE	HISTORICAL_FORMAL_BYTES_UNAVAILABLE_POST_FORMAL_MODIFIED	exact formal source bytes unavailable; the published copy is a post-formal modification (rerun-repair change of non-finite / fail_fast / bfloat16 handling, 2026-09-05/06, after the 2026-08-11 formal runs)
06_code/sitne_walk/contexts.py	f0023b6fab8fcda8bffcf7c6f7972cc6271e8074e7f58daa29034d6740a20dc2	f0023b6fab8fcda8bffcf7c6f7972cc6271e8074e7f58daa29034d6740a20dc2	TRUE	FORMAL_HASH_MATCH	public v1.0.0 bytes are byte-identical to the formal-run identity; formal identity preserved
06_code/sitne_walk/data.py	144f8bf52b90ad2fd25330039b73d114a3935ea9a57ac566f4607a7fa7b963ac	144f8bf52b90ad2fd25330039b73d114a3935ea9a57ac566f4607a7fa7b963ac	TRUE	FORMAL_HASH_MATCH	public v1.0.0 bytes are byte-identical to the formal-run identity; formal identity preserved
06_code/sitne_walk/evaluator.py	93667336ff10b56b8daeebc29f97d40b5ee424e8736d2e51c7ae9d949fa688f6	93667336ff10b56b8daeebc29f97d40b5ee424e8736d2e51c7ae9d949fa688f6	TRUE	FORMAL_HASH_MATCH	public v1.0.0 bytes are byte-identical to the formal-run identity; formal identity preserved
06_code/sitne_walk/gradient_reversal.py	398c08fdb48e2f848a914acd075b8eabe7cf34a393be96f871d58fab5beb1ca2	398c08fdb48e2f848a914acd075b8eabe7cf34a393be96f871d58fab5beb1ca2	TRUE	FORMAL_HASH_MATCH	public v1.0.0 bytes are byte-identical to the formal-run identity; formal identity preserved
06_code/sitne_walk/graph.py	ea63c0e1c6a94a2719f890a50da3bb124a7839bd5b1c8b5bc2795b18ebcf806e	ea63c0e1c6a94a2719f890a50da3bb124a7839bd5b1c8b5bc2795b18ebcf806e	TRUE	FORMAL_HASH_MATCH	public v1.0.0 bytes are byte-identical to the formal-run identity; formal identity preserved
06_code/sitne_walk/losses.py	baa7e189db885c73782b6724afd5646879a900d53a30cbc52661b2a57c5b8fd4	baa7e189db885c73782b6724afd5646879a900d53a30cbc52661b2a57c5b8fd4	TRUE	FORMAL_HASH_MATCH	public v1.0.0 bytes are byte-identical to the formal-run identity; formal identity preserved
06_code/sitne_walk/model.py	79be8987013bf39fd58c2967668e930d4bf240ca0d78141fe0f9f3af45fd2967	79be8987013bf39fd58c2967668e930d4bf240ca0d78141fe0f9f3af45fd2967	TRUE	FORMAL_HASH_MATCH	public v1.0.0 bytes are byte-identical to the formal-run identity; formal identity preserved
06_code/sitne_walk/optuna_search.py	e7f291ba666defca039426f97372944d86d4d5349e28250e866e2bf1e2f0b9bb	d204e6f1266e3123d824ebd464606a44103a184806ebedf30bf8f181f0ec5917	FALSE	HISTORICAL_FORMAL_BYTES_UNAVAILABLE_POST_FORMAL_MODIFIED	exact formal source bytes unavailable; the published copy is a post-formal modification (rerun-repair change of non-finite / fail_fast / bfloat16 handling, 2026-09-05/06, after the 2026-08-11 formal runs)
06_code/sitne_walk/provenance.py	690d0e769f840b8b2649d1b575e8367a5405bf591f55056f6acb45cd0d7bfb2d	35c35be3a6875db1cfa3d0e4869aea7a8ca9bbef17750355c1a83779c7bcda99	FALSE	HISTORICAL_FORMAL_BYTES_UNAVAILABLE_POST_FORMAL_MODIFIED	exact formal source bytes unavailable; the published copy is a post-formal modification (rerun-repair change of non-finite / fail_fast / bfloat16 handling, 2026-09-05/06, after the 2026-08-11 formal runs)
06_code/sitne_walk/split_builder.py	673c49621d93426dbb161b88a4a3f1e6352bc5fd9621f37e87ac0639c90bd886	188c213deaa063083e1f70692a4d645358631e4cf32477b8a6a6def8b127ec7c	FALSE	PUBLICATION_PATH_RELOCATION	public-release default-path relocation only (absolute project-root default paths -> module-relative default paths); formal identity remains known and preserved; exact formal source bytes are NOT claimed to be unavailable; no computed value, model logic, metric, loss, optimisation step, hyperparameter, seed or output changed [verified: changed_lines=4, path_relocation_only=True]
06_code/sitne_walk/trainer.py	c457f8c2d0d14ca794713d61acd6fa00bdfbd6fce648272ea069b0a7fb3c1089	ff2e43ef5cfe13967a8e99baefde1a344c0a5521802cab6a18a691f8144fcf16	FALSE	HISTORICAL_FORMAL_BYTES_UNAVAILABLE_POST_FORMAL_MODIFIED	exact formal source bytes unavailable; the published copy is a post-formal modification (rerun-repair change of non-finite / fail_fast / bfloat16 handling, 2026-09-05/06, after the 2026-08-11 formal runs)
06_code/sitne_walk/walks.py	c78bfd1658f31e39e3430f70ffbb1407049e5e9b0e41b8e67272bb8502df0175	c78bfd1658f31e39e3430f70ffbb1407049e5e9b0e41b8e67272bb8502df0175	TRUE	FORMAL_HASH_MATCH	public v1.0.0 bytes are byte-identical to the formal-run identity; formal identity preserved
